nickname,userid,voted_at,total weight(metaforo),"total weight(on chain, floored)",⚠️need_review,address,address weight(floored),explorer_url
5520.bit,29658,2026-01-15 02:38:23 (UTC+0),4205768,4205768,False,ckb1qzda0cr08m85hc8jlnfp3zer7xulejywt49kt2rr0vthywaa50xwsq2rz5408dth46e4fvk748pje9096y0zjtsc9m5nt,2006666,https://explorer.app5.org/address/ckb1qzda0cr08m85hc8jlnfp3zer7xulejywt49kt2rr0vthywaa50xwsq2rz5408dth46e4fvk748pje9096y0zjtsc9m5nt
5520.bit,29658,2026-01-15 02:38:23 (UTC+0),4205768,4205768,False,ckb1qzda0cr08m85hc8jlnfp3zer7xulejywt49kt2rr0vthywaa50xwsq0sr3r3qpcwwug5u9cf4tx2hj9uffs3m5czz5kw0,299000,https://explorer.app5.org/address/ckb1qzda0cr08m85hc8jlnfp3zer7xulejywt49kt2rr0vthywaa50xwsq0sr3r3qpcwwug5u9cf4tx2hj9uffs3m5czz5kw0
5520.bit,29658,2026-01-15 02:38:23 (UTC+0),4205768,4205768,False,ckb1qzda0cr08m85hc8jlnfp3zer7xulejywt49kt2rr0vthywaa50xwsqw5exx3zt8jqhx45vpl9lejsqjy5hs37xg2q5aqu,300102,https://explorer.app5.org/address/ckb1qzda0cr08m85hc8jlnfp3zer7xulejywt49kt2rr0vthywaa50xwsqw5exx3zt8jqhx45vpl9lejsqjy5hs37xg2q5aqu
5520.bit,29658,2026-01-15 02:38:23 (UTC+0),4205768,4205768,False,ckb1qzda0cr08m85hc8jlnfp3zer7xulejywt49kt2rr0vthywaa50xwsq2tmu3g683we72naew0klg0ums32ymavds5hh5h0,200000,https://explorer.app5.org/address/ckb1qzda0cr08m85hc8jlnfp3zer7xulejywt49kt2rr0vthywaa50xwsq2tmu3g683we72naew0klg0ums32ymavds5hh5h0
5520.bit,29658,2026-01-15 02:38:23 (UTC+0),4205768,4205768,False,ckb1qzda0cr08m85hc8jlnfp3zer7xulejywt49kt2rr0vthywaa50xwsqgj2cknw544ymdqzaspnf8kk3fmrhy92jga3m78x,200000,https://explorer.app5.org/address/ckb1qzda0cr08m85hc8jlnfp3zer7xulejywt49kt2rr0vthywaa50xwsqgj2cknw544ymdqzaspnf8kk3fmrhy92jga3m78x
5520.bit,29658,2026-01-15 02:38:23 (UTC+0),4205768,4205768,False,ckb1qzda0cr08m85hc8jlnfp3zer7xulejywt49kt2rr0vthywaa50xwsq02x39c9va47l8e90xmaf7nqvwsy3eancgk0trj4,200000,https://explorer.app5.org/address/ckb1qzda0cr08m85hc8jlnfp3zer7xulejywt49kt2rr0vthywaa50xwsq02x39c9va47l8e90xmaf7nqvwsy3eancgk0trj4
5520.bit,29658,2026-01-15 02:38:23 (UTC+0),4205768,4205768,False,ckb1qzda0cr08m85hc8jlnfp3zer7xulejywt49kt2rr0vthywaa50xwsqdak9quxxlk3qjlfmng6s5vhuyr749rr4s56a95y,200000,https://explorer.app5.org/address/ckb1qzda0cr08m85hc8jlnfp3zer7xulejywt49kt2rr0vthywaa50xwsqdak9quxxlk3qjlfmng6s5vhuyr749rr4s56a95y
5520.bit,29658,2026-01-15 02:38:23 (UTC+0),4205768,4205768,False,ckb1qzda0cr08m85hc8jlnfp3zer7xulejywt49kt2rr0vthywaa50xwsq2cc2tzhpm64pegam95s2nj59gs2umhc2qsaehrm,200000,https://explorer.app5.org/address/ckb1qzda0cr08m85hc8jlnfp3zer7xulejywt49kt2rr0vthywaa50xwsq2cc2tzhpm64pegam95s2nj59gs2umhc2qsaehrm
5520.bit,29658,2026-01-15 02:38:23 (UTC+0),4205768,4205768,False,ckb1qzda0cr08m85hc8jlnfp3zer7xulejywt49kt2rr0vthywaa50xwsq0hzzxa37qjsw9x0wr5tt5hyc62fdqu48gsxw9xj,200000,https://explorer.app5.org/address/ckb1qzda0cr08m85hc8jlnfp3zer7xulejywt49kt2rr0vthywaa50xwsq0hzzxa37qjsw9x0wr5tt5hyc62fdqu48gsxw9xj
5520.bit,29658,2026-01-15 02:38:23 (UTC+0),4205768,4205768,False,ckb1qzda0cr08m85hc8jlnfp3zer7xulejywt49kt2rr0vthywaa50xwsqdje822v42jcj4z244ntfne52dhk7m4fhc0j0p4a,200000,https://explorer.app5.org/address/ckb1qzda0cr08m85hc8jlnfp3zer7xulejywt49kt2rr0vthywaa50xwsqdje822v42jcj4z244ntfne52dhk7m4fhc0j0p4a
5520.bit,29658,2026-01-15 02:38:23 (UTC+0),4205768,4205768,False,ckb1qzda0cr08m85hc8jlnfp3zer7xulejywt49kt2rr0vthywaa50xwsqw8zafpk2ue0ajumwe79989vjcye594a5gvgsnaa,200000,https://explorer.app5.org/address/ckb1qzda0cr08m85hc8jlnfp3zer7xulejywt49kt2rr0vthywaa50xwsqw8zafpk2ue0ajumwe79989vjcye594a5gvgsnaa
5520.bit,29658,2026-01-15 02:38:23 (UTC+0),4205768,4205768,False,ckb1qzl58smqy32hnrq6vxjedcxe2fugvnz497h7yvwqvwel40uh4rltcqtyvx057ewukv73t66ksugjwx8p4nsk7dqkw409z,0,https://explorer.app5.org/address/ckb1qzl58smqy32hnrq6vxjedcxe2fugvnz497h7yvwqvwel40uh4rltcqtyvx057ewukv73t66ksugjwx8p4nsk7dqkw409z
Phroi,46487,2026-01-14 23:29:42 (UTC+0),400000,400000,False,ckb1qzda0cr08m85hc8jlnfp3zer7xulejywt49kt2rr0vthywaa50xwsqfhnyttkppqhkmdgt24f865mkfvxvphhpqh5pqm8,400000,https://explorer.app5.org/address/ckb1qzda0cr08m85hc8jlnfp3zer7xulejywt49kt2rr0vthywaa50xwsqfhnyttkppqhkmdgt24f865mkfvxvphhpqh5pqm8
Michiel,33832,2026-01-14 19:31:27 (UTC+0),1290000,1290000,False,ckb1qzda0cr08m85hc8jlnfp3zer7xulejywt49kt2rr0vthywaa50xwsqdzx545uffra6pzwn5schn5cfpns4nnfacvlc0kk,1290000,https://explorer.app5.org/address/ckb1qzda0cr08m85hc8jlnfp3zer7xulejywt49kt2rr0vthywaa50xwsqdzx545uffra6pzwn5schn5cfpns4nnfacvlc0kk
ckbfansyixiu,35412,2026-01-14 18:15:03 (UTC+0),4500000,4500000,False,ckb1qzda0cr08m85hc8jlnfp3zer7xulejywt49kt2rr0vthywaa50xwsqfd92edamsr7xr5qjplppu3r8ppxdm86csznwssk,0,https://explorer.app5.org/address/ckb1qzda0cr08m85hc8jlnfp3zer7xulejywt49kt2rr0vthywaa50xwsqfd92edamsr7xr5qjplppu3r8ppxdm86csznwssk
ckbfansyixiu,35412,2026-01-14 18:15:03 (UTC+0),4500000,4500000,False,ckb1qzda0cr08m85hc8jlnfp3zer7xulejywt49kt2rr0vthywaa50xwsqglz4zvmddz4j0mlk2t78jzh85l2a2dnns2jfmz0,500000,https://explorer.app5.org/address/ckb1qzda0cr08m85hc8jlnfp3zer7xulejywt49kt2rr0vthywaa50xwsqglz4zvmddz4j0mlk2t78jzh85l2a2dnns2jfmz0
ckbfansyixiu,35412,2026-01-14 18:15:03 (UTC+0),4500000,4500000,False,ckb1qzda0cr08m85hc8jlnfp3zer7xulejywt49kt2rr0vthywaa50xwsqflkpj0wp9svsnx38qskardf434nea8z5cyep8c8,500000,https://explorer.app5.org/address/ckb1qzda0cr08m85hc8jlnfp3zer7xulejywt49kt2rr0vthywaa50xwsqflkpj0wp9svsnx38qskardf434nea8z5cyep8c8
ckbfansyixiu,35412,2026-01-14 18:15:03 (UTC+0),4500000,4500000,False,ckb1qzda0cr08m85hc8jlnfp3zer7xulejywt49kt2rr0vthywaa50xwsqvtzjvwn2uej4ypn2ql92mn6te74cwarrs0rfqnc,500000,https://explorer.app5.org/address/ckb1qzda0cr08m85hc8jlnfp3zer7xulejywt49kt2rr0vthywaa50xwsqvtzjvwn2uej4ypn2ql92mn6te74cwarrs0rfqnc
ckbfansyixiu,35412,2026-01-14 18:15:03 (UTC+0),4500000,4500000,False,ckb1qzda0cr08m85hc8jlnfp3zer7xulejywt49kt2rr0vthywaa50xwsqtkvqaq8vyadptalq247q929aq3e6h4kmsaspk6y,500000,https://explorer.app5.org/address/ckb1qzda0cr08m85hc8jlnfp3zer7xulejywt49kt2rr0vthywaa50xwsqtkvqaq8vyadptalq247q929aq3e6h4kmsaspk6y
ckbfansyixiu,35412,2026-01-14 18:15:03 (UTC+0),4500000,4500000,False,ckb1qzda0cr08m85hc8jlnfp3zer7xulejywt49kt2rr0vthywaa50xwsqfkmmupfafphz0lduszlha4uhracnrvecshspe03,500000,https://explorer.app5.org/address/ckb1qzda0cr08m85hc8jlnfp3zer7xulejywt49kt2rr0vthywaa50xwsqfkmmupfafphz0lduszlha4uhracnrvecshspe03
ckbfansyixiu,35412,2026-01-14 18:15:03 (UTC+0),4500000,4500000,False,ckb1qzda0cr08m85hc8jlnfp3zer7xulejywt49kt2rr0vthywaa50xwsq0y226497e09cmry7wxgxakqj5xzhjmh8ggpjdvz,500000,https://explorer.app5.org/address/ckb1qzda0cr08m85hc8jlnfp3zer7xulejywt49kt2rr0vthywaa50xwsq0y226497e09cmry7wxgxakqj5xzhjmh8ggpjdvz
ckbfansyixiu,35412,2026-01-14 18:15:03 (UTC+0),4500000,4500000,False,ckb1qzda0cr08m85hc8jlnfp3zer7xulejywt49kt2rr0vthywaa50xwsqtxzxyjju7vtdpklppn8wgtl45d4sjy5rsm54xur,500000,https://explorer.app5.org/address/ckb1qzda0cr08m85hc8jlnfp3zer7xulejywt49kt2rr0vthywaa50xwsqtxzxyjju7vtdpklppn8wgtl45d4sjy5rsm54xur
ckbfansyixiu,35412,2026-01-14 18:15:03 (UTC+0),4500000,4500000,False,ckb1qzda0cr08m85hc8jlnfp3zer7xulejywt49kt2rr0vthywaa50xwsqtl9t8x22z8q5gex08h77x64rk5ufvdryg6fr6s3,500000,https://explorer.app5.org/address/ckb1qzda0cr08m85hc8jlnfp3zer7xulejywt49kt2rr0vthywaa50xwsqtl9t8x22z8q5gex08h77x64rk5ufvdryg6fr6s3
ckbfansyixiu,35412,2026-01-14 18:15:03 (UTC+0),4500000,4500000,False,ckb1qzda0cr08m85hc8jlnfp3zer7xulejywt49kt2rr0vthywaa50xwsq04kxv8w4sa09ryn5r8kwppqnzs8fuegrqt7dapy,500000,https://explorer.app5.org/address/ckb1qzda0cr08m85hc8jlnfp3zer7xulejywt49kt2rr0vthywaa50xwsq04kxv8w4sa09ryn5r8kwppqnzs8fuegrqt7dapy
ckbfansyixiu,35412,2026-01-14 18:15:03 (UTC+0),4500000,4500000,False,ckb1qzda0cr08m85hc8jlnfp3zer7xulejywt49kt2rr0vthywaa50xwsqv7hhqh9rxljz7nj8yd4ewldkadklvepwgsnv9zm,0,https://explorer.app5.org/address/ckb1qzda0cr08m85hc8jlnfp3zer7xulejywt49kt2rr0vthywaa50xwsqv7hhqh9rxljz7nj8yd4ewldkadklvepwgsnv9zm
ckbfansyixiu,35412,2026-01-14 18:15:03 (UTC+0),4500000,4500000,False,ckb1qzl58smqy32hnrq6vxjedcxe2fugvnz497h7yvwqvwel40uh4rltcqwhjj9vmq7k5p8tmud8gqtz9695zwyy0rs9jjc7z,0,https://explorer.app5.org/address/ckb1qzl58smqy32hnrq6vxjedcxe2fugvnz497h7yvwqvwel40uh4rltcqwhjj9vmq7k5p8tmud8gqtz9695zwyy0rs9jjc7z
miteux,51047,2026-01-14 17:44:31 (UTC+0),18937556,18937556,False,ckb1qzda0cr08m85hc8jlnfp3zer7xulejywt49kt2rr0vthywaa50xwsq24zycexj3jre8w3fsrlz9f0a5lalju5lc54cgnh,12939805,https://explorer.app5.org/address/ckb1qzda0cr08m85hc8jlnfp3zer7xulejywt49kt2rr0vthywaa50xwsq24zycexj3jre8w3fsrlz9f0a5lalju5lc54cgnh
miteux,51047,2026-01-14 17:44:31 (UTC+0),18937556,18937556,False,ckb1qzda0cr08m85hc8jlnfp3zer7xulejywt49kt2rr0vthywaa50xwsqvhujnsgm32cp8txwavprlpgmspptfyafsytus5a,5997751,https://explorer.app5.org/address/ckb1qzda0cr08m85hc8jlnfp3zer7xulejywt49kt2rr0vthywaa50xwsqvhujnsgm32cp8txwavprlpgmspptfyafsytus5a
miteux,51047,2026-01-14 17:44:31 (UTC+0),18937556,18937556,False,ckb1qzl58smqy32hnrq6vxjedcxe2fugvnz497h7yvwqvwel40uh4rltcqwv85tk6flk5aszmh72axxpecny0uzw8pc0njnuh,0,https://explorer.app5.org/address/ckb1qzl58smqy32hnrq6vxjedcxe2fugvnz497h7yvwqvwel40uh4rltcqwv85tk6flk5aszmh72axxpecny0uzw8pc0njnuh
Methemeticz,51038,2026-01-14 11:44:40 (UTC+0),1996228,1996228,False,ckb1qzda0cr08m85hc8jlnfp3zer7xulejywt49kt2rr0vthywaa50xwsq00g7nu9mwjajgphr9wpzx5zv40dmugg9g7xck29,507966,https://explorer.app5.org/address/ckb1qzda0cr08m85hc8jlnfp3zer7xulejywt49kt2rr0vthywaa50xwsq00g7nu9mwjajgphr9wpzx5zv40dmugg9g7xck29
Methemeticz,51038,2026-01-14 11:44:40 (UTC+0),1996228,1996228,False,ckb1qzda0cr08m85hc8jlnfp3zer7xulejywt49kt2rr0vthywaa50xwsqd3svphxkm2pw4aurdz7s8egnejerwhheg42y0x7,1488262,https://explorer.app5.org/address/ckb1qzda0cr08m85hc8jlnfp3zer7xulejywt49kt2rr0vthywaa50xwsqd3svphxkm2pw4aurdz7s8egnejerwhheg42y0x7
Methemeticz,51038,2026-01-14 11:44:40 (UTC+0),1996228,1996228,False,ckb1qzda0cr08m85hc8jlnfp3zer7xulejywt49kt2rr0vthywaa50xwsq2e62uqqu36nmg7j6jftrwfv046dxxsqeq5h3n4x,0,https://explorer.app5.org/address/ckb1qzda0cr08m85hc8jlnfp3zer7xulejywt49kt2rr0vthywaa50xwsq2e62uqqu36nmg7j6jftrwfv046dxxsqeq5h3n4x
Methemeticz,51038,2026-01-14 11:44:40 (UTC+0),1996228,1996228,False,ckb1qzda0cr08m85hc8jlnfp3zer7xulejywt49kt2rr0vthywaa50xwsqdh4zhh9xljfn73kxpjzv03ytryglx4rnsyg3tyd,0,https://explorer.app5.org/address/ckb1qzda0cr08m85hc8jlnfp3zer7xulejywt49kt2rr0vthywaa50xwsqdh4zhh9xljfn73kxpjzv03ytryglx4rnsyg3tyd
Methemeticz,51038,2026-01-14 11:44:40 (UTC+0),1996228,1996228,False,ckb1qzda0cr08m85hc8jlnfp3zer7xulejywt49kt2rr0vthywaa50xwsqw9x4fal8r5pa53r8043azmqwk7xccqgdg7tcx94,0,https://explorer.app5.org/address/ckb1qzda0cr08m85hc8jlnfp3zer7xulejywt49kt2rr0vthywaa50xwsqw9x4fal8r5pa53r8043azmqwk7xccqgdg7tcx94
Methemeticz,51038,2026-01-14 11:44:40 (UTC+0),1996228,1996228,False,ckb1qzda0cr08m85hc8jlnfp3zer7xulejywt49kt2rr0vthywaa50xwsqgyp2t4wt3qtna7hggt7mfp39zzk7vqu9sltw8z8,0,https://explorer.app5.org/address/ckb1qzda0cr08m85hc8jlnfp3zer7xulejywt49kt2rr0vthywaa50xwsqgyp2t4wt3qtna7hggt7mfp39zzk7vqu9sltw8z8
Methemeticz,51038,2026-01-14 11:44:40 (UTC+0),1996228,1996228,False,ckb1qzl58smqy32hnrq6vxjedcxe2fugvnz497h7yvwqvwel40uh4rltcqw33x25620zghttc2fnr5czmc8xtpwlwrqp2qze5,0,https://explorer.app5.org/address/ckb1qzl58smqy32hnrq6vxjedcxe2fugvnz497h7yvwqvwel40uh4rltcqw33x25620zghttc2fnr5czmc8xtpwlwrqp2qze5
JPD,34076,2026-01-14 00:15:41 (UTC+0),6378375,6378375,False,ckb1qzda0cr08m85hc8jlnfp3zer7xulejywt49kt2rr0vthywaa50xwsq25qt0htn4gg3mgxzfk7u7r26m8htexrvs0s0c0k,6378375,https://explorer.app5.org/address/ckb1qzda0cr08m85hc8jlnfp3zer7xulejywt49kt2rr0vthywaa50xwsq25qt0htn4gg3mgxzfk7u7r26m8htexrvs0s0c0k
Balliu,51026,2026-01-13 21:41:16 (UTC+0),586906,586906,False,ckb1qzda0cr08m85hc8jlnfp3zer7xulejywt49kt2rr0vthywaa50xwsqf8ew8p4ahl37rzdka3gneg3satyd4xgdcenaa4z,586906,https://explorer.app5.org/address/ckb1qzda0cr08m85hc8jlnfp3zer7xulejywt49kt2rr0vthywaa50xwsqf8ew8p4ahl37rzdka3gneg3satyd4xgdcenaa4z
Byakuya,34079,2026-01-13 17:09:04 (UTC+0),2970632,2970632,False,ckb1qzda0cr08m85hc8jlnfp3zer7xulejywt49kt2rr0vthywaa50xwsqvnw3s2htazkfer477f2pyndt3ujwvfsmqejwlvp,1188788,https://explorer.app5.org/address/ckb1qzda0cr08m85hc8jlnfp3zer7xulejywt49kt2rr0vthywaa50xwsqvnw3s2htazkfer477f2pyndt3ujwvfsmqejwlvp
Byakuya,34079,2026-01-13 17:09:04 (UTC+0),2970632,2970632,False,ckb1qzda0cr08m85hc8jlnfp3zer7xulejywt49kt2rr0vthywaa50xwsqdgmvulkjtwrs2xdwn2ezf6t37hrmea2qq54jz6e,1309005,https://explorer.app5.org/address/ckb1qzda0cr08m85hc8jlnfp3zer7xulejywt49kt2rr0vthywaa50xwsqdgmvulkjtwrs2xdwn2ezf6t37hrmea2qq54jz6e
Byakuya,34079,2026-01-13 17:09:04 (UTC+0),2970632,2970632,False,ckb1qzda0cr08m85hc8jlnfp3zer7xulejywt49kt2rr0vthywaa50xwsqgsgnwjejkkdz3wxwqf6p99yx287l8largm76z5n,0,https://explorer.app5.org/address/ckb1qzda0cr08m85hc8jlnfp3zer7xulejywt49kt2rr0vthywaa50xwsqgsgnwjejkkdz3wxwqf6p99yx287l8largm76z5n
Byakuya,34079,2026-01-13 17:09:04 (UTC+0),2970632,2970632,False,ckb1qzda0cr08m85hc8jlnfp3zer7xulejywt49kt2rr0vthywaa50xwsqgp2s9z734rgf9rz8zxkl5l58z8yvaptrsphhs6k,472839,https://explorer.app5.org/address/ckb1qzda0cr08m85hc8jlnfp3zer7xulejywt49kt2rr0vthywaa50xwsqgp2s9z734rgf9rz8zxkl5l58z8yvaptrsphhs6k
Pires,51020,2026-01-13 11:53:14 (UTC+0),38765432,38765432,False,ckb1qzda0cr08m85hc8jlnfp3zer7xulejywt49kt2rr0vthywaa50xwsqw62v6ppxujq932epwdys54mpt22mgga5szw257l,38765432,https://explorer.app5.org/address/ckb1qzda0cr08m85hc8jlnfp3zer7xulejywt49kt2rr0vthywaa50xwsqw62v6ppxujq932epwdys54mpt22mgga5szw257l
Pires,51020,2026-01-13 11:53:14 (UTC+0),38765432,38765432,False,ckb1qzl58smqy32hnrq6vxjedcxe2fugvnz497h7yvwqvwel40uh4rltcqwueumm44ep79d8jtvz2aefz9sjxyf3zncu5yl0r,0,https://explorer.app5.org/address/ckb1qzl58smqy32hnrq6vxjedcxe2fugvnz497h7yvwqvwel40uh4rltcqwueumm44ep79d8jtvz2aefz9sjxyf3zncu5yl0r
Neon,33888,2026-01-12 17:18:12 (UTC+0),100000,100000,False,ckb1qzda0cr08m85hc8jlnfp3zer7xulejywt49kt2rr0vthywaa50xwsq22scz5xdghpea53flwa9tnl9v8t5mp4gqn8u5sg,100000,https://explorer.app5.org/address/ckb1qzda0cr08m85hc8jlnfp3zer7xulejywt49kt2rr0vthywaa50xwsq22scz5xdghpea53flwa9tnl9v8t5mp4gqn8u5sg
Neon,33888,2026-01-12 17:18:12 (UTC+0),100000,100000,False,ckb1qzl58smqy32hnrq6vxjedcxe2fugvnz497h7yvwqvwel40uh4rltcqdl7q7nmq72am4qwrj50wtajtu0dl2gzacl2sygv,0,https://explorer.app5.org/address/ckb1qzl58smqy32hnrq6vxjedcxe2fugvnz497h7yvwqvwel40uh4rltcqdl7q7nmq72am4qwrj50wtajtu0dl2gzacl2sygv
phill,34020,2026-01-12 06:40:50 (UTC+0),1557056,1557056,False,ckb1qzda0cr08m85hc8jlnfp3zer7xulejywt49kt2rr0vthywaa50xwsq0cznt3gq3v8tsrgdrefg6u2umn0zkuuqq99zpad,555555,https://explorer.app5.org/address/ckb1qzda0cr08m85hc8jlnfp3zer7xulejywt49kt2rr0vthywaa50xwsq0cznt3gq3v8tsrgdrefg6u2umn0zkuuqq99zpad
phill,34020,2026-01-12 06:40:50 (UTC+0),1557056,1557056,False,ckb1qzda0cr08m85hc8jlnfp3zer7xulejywt49kt2rr0vthywaa50xwsqgwspjefmd6pu6qsg3s5rsspuph2tjk6qspdt7jv,1001501,https://explorer.app5.org/address/ckb1qzda0cr08m85hc8jlnfp3zer7xulejywt49kt2rr0vthywaa50xwsqgwspjefmd6pu6qsg3s5rsspuph2tjk6qspdt7jv
phill,34020,2026-01-12 06:40:50 (UTC+0),1557056,1557056,False,ckb1qzl58smqy32hnrq6vxjedcxe2fugvnz497h7yvwqvwel40uh4rltcq0xkmf3afm86zlxnk9zpc64efxrewmrxjsh46hmp,0,https://explorer.app5.org/address/ckb1qzl58smqy32hnrq6vxjedcxe2fugvnz497h7yvwqvwel40uh4rltcq0xkmf3afm86zlxnk9zpc64efxrewmrxjsh46hmp
Knight,33997,2026-01-11 01:13:27 (UTC+0),1310305,1310305,False,ckb1qzda0cr08m85hc8jlnfp3zer7xulejywt49kt2rr0vthywaa50xwsqf0ngchg0t322jg69f4a9zxqxv9sfjef3sam0683,90069,https://explorer.app5.org/address/ckb1qzda0cr08m85hc8jlnfp3zer7xulejywt49kt2rr0vthywaa50xwsqf0ngchg0t322jg69f4a9zxqxv9sfjef3sam0683
Knight,33997,2026-01-11 01:13:27 (UTC+0),1310305,1310305,False,ckb1qzda0cr08m85hc8jlnfp3zer7xulejywt49kt2rr0vthywaa50xwsq2khj04f0cyyj645948m3cm7sulaumjtdsf8fwcj,290239,https://explorer.app5.org/address/ckb1qzda0cr08m85hc8jlnfp3zer7xulejywt49kt2rr0vthywaa50xwsq2khj04f0cyyj645948m3cm7sulaumjtdsf8fwcj
Knight,33997,2026-01-11 01:13:27 (UTC+0),1310305,1310305,False,ckb1qzda0cr08m85hc8jlnfp3zer7xulejywt49kt2rr0vthywaa50xwsqwyy72u6qpcwkaamyzfjc7t66t46xlssmsc7c400,118753,https://explorer.app5.org/address/ckb1qzda0cr08m85hc8jlnfp3zer7xulejywt49kt2rr0vthywaa50xwsqwyy72u6qpcwkaamyzfjc7t66t46xlssmsc7c400
Knight,33997,2026-01-11 01:13:27 (UTC+0),1310305,1310305,False,ckb1qzda0cr08m85hc8jlnfp3zer7xulejywt49kt2rr0vthywaa50xwsq0g23h3dnftayrsnvd5mqmkhuwxgxuwrlgff6umv,100244,https://explorer.app5.org/address/ckb1qzda0cr08m85hc8jlnfp3zer7xulejywt49kt2rr0vthywaa50xwsq0g23h3dnftayrsnvd5mqmkhuwxgxuwrlgff6umv
Knight,33997,2026-01-11 01:13:27 (UTC+0),1310305,1310305,False,ckb1qzda0cr08m85hc8jlnfp3zer7xulejywt49kt2rr0vthywaa50xwsq2smvjx6aeyg4utgzy0a9tftmj5l0fp94gk3epx9,100000,https://explorer.app5.org/address/ckb1qzda0cr08m85hc8jlnfp3zer7xulejywt49kt2rr0vthywaa50xwsq2smvjx6aeyg4utgzy0a9tftmj5l0fp94gk3epx9
Knight,33997,2026-01-11 01:13:27 (UTC+0),1310305,1310305,False,ckb1qzda0cr08m85hc8jlnfp3zer7xulejywt49kt2rr0vthywaa50xwsqwxm8tnc6cj8zxdltrh3axnhhlzx345tlq5lr7k7,150000,https://explorer.app5.org/address/ckb1qzda0cr08m85hc8jlnfp3zer7xulejywt49kt2rr0vthywaa50xwsqwxm8tnc6cj8zxdltrh3axnhhlzx345tlq5lr7k7
Knight,33997,2026-01-11 01:13:27 (UTC+0),1310305,1310305,False,ckb1qzda0cr08m85hc8jlnfp3zer7xulejywt49kt2rr0vthywaa50xwsqdpz3j7t3u90szme07tkxdvld74kmfqglg0jtxew,461000,https://explorer.app5.org/address/ckb1qzda0cr08m85hc8jlnfp3zer7xulejywt49kt2rr0vthywaa50xwsqdpz3j7t3u90szme07tkxdvld74kmfqglg0jtxew
Knight,33997,2026-01-11 01:13:27 (UTC+0),1310305,1310305,False,ckb1qzl58smqy32hnrq6vxjedcxe2fugvnz497h7yvwqvwel40uh4rltcq03q7salkxr8q39emgmv3npa4kn240e8rctvru0h,0,https://explorer.app5.org/address/ckb1qzl58smqy32hnrq6vxjedcxe2fugvnz497h7yvwqvwel40uh4rltcq03q7salkxr8q39emgmv3npa4kn240e8rctvru0h
Logics21,50903,2026-01-10 15:20:33 (UTC+0),75892,75892,False,ckb1qzda0cr08m85hc8jlnfp3zer7xulejywt49kt2rr0vthywaa50xwsqvt9mqu693ngdkx3c4s4uasa0esw3lxw5shpkpc5,75892,https://explorer.app5.org/address/ckb1qzda0cr08m85hc8jlnfp3zer7xulejywt49kt2rr0vthywaa50xwsqvt9mqu693ngdkx3c4s4uasa0esw3lxw5shpkpc5
Logics21,50903,2026-01-10 15:20:33 (UTC+0),75892,75892,False,ckb1qzl58smqy32hnrq6vxjedcxe2fugvnz497h7yvwqvwel40uh4rltcq2r74h4evljhrfh3uz2te0y6uney702n9c4pfyet,0,https://explorer.app5.org/address/ckb1qzl58smqy32hnrq6vxjedcxe2fugvnz497h7yvwqvwel40uh4rltcq2r74h4evljhrfh3uz2te0y6uney702n9c4pfyet
Ophiuchus,50987,2026-01-10 14:52:42 (UTC+0),9920000,9920000,False,ckb1qzda0cr08m85hc8jlnfp3zer7xulejywt49kt2rr0vthywaa50xwsqtlxlndctegk2muj9mx9qp7cqtfvwt3rwqv6xtp5,0,https://explorer.app5.org/address/ckb1qzda0cr08m85hc8jlnfp3zer7xulejywt49kt2rr0vthywaa50xwsqtlxlndctegk2muj9mx9qp7cqtfvwt3rwqv6xtp5
Ophiuchus,50987,2026-01-10 14:52:42 (UTC+0),9920000,9920000,False,ckb1qzda0cr08m85hc8jlnfp3zer7xulejywt49kt2rr0vthywaa50xwsqwxg033vfjllvxx8vr9ff0xwdy9e56r85qx3rsrv,0,https://explorer.app5.org/address/ckb1qzda0cr08m85hc8jlnfp3zer7xulejywt49kt2rr0vthywaa50xwsqwxg033vfjllvxx8vr9ff0xwdy9e56r85qx3rsrv
Ophiuchus,50987,2026-01-10 14:52:42 (UTC+0),9920000,9920000,False,ckb1qzda0cr08m85hc8jlnfp3zer7xulejywt49kt2rr0vthywaa50xwsqwdcfnq86g4nvqjx2mp5ltza9xucja70kswha86q,0,https://explorer.app5.org/address/ckb1qzda0cr08m85hc8jlnfp3zer7xulejywt49kt2rr0vthywaa50xwsqwdcfnq86g4nvqjx2mp5ltza9xucja70kswha86q
Ophiuchus,50987,2026-01-10 14:52:42 (UTC+0),9920000,9920000,False,ckb1qzda0cr08m85hc8jlnfp3zer7xulejywt49kt2rr0vthywaa50xwsqdu0ct3lc96tp0wsc4pcps2dutsgl223gss977hk,0,https://explorer.app5.org/address/ckb1qzda0cr08m85hc8jlnfp3zer7xulejywt49kt2rr0vthywaa50xwsqdu0ct3lc96tp0wsc4pcps2dutsgl223gss977hk
Ophiuchus,50987,2026-01-10 14:52:42 (UTC+0),9920000,9920000,False,ckb1qzda0cr08m85hc8jlnfp3zer7xulejywt49kt2rr0vthywaa50xwsq0gg6ctatqhkwh7helthnymu8xc8uxzr0c8m8x3k,0,https://explorer.app5.org/address/ckb1qzda0cr08m85hc8jlnfp3zer7xulejywt49kt2rr0vthywaa50xwsq0gg6ctatqhkwh7helthnymu8xc8uxzr0c8m8x3k
Ophiuchus,50987,2026-01-10 14:52:42 (UTC+0),9920000,9920000,False,ckb1qzda0cr08m85hc8jlnfp3zer7xulejywt49kt2rr0vthywaa50xwsqf7q426k2jqynrkvfzsdzu2cl8f3wv7wzqj7kqt3,0,https://explorer.app5.org/address/ckb1qzda0cr08m85hc8jlnfp3zer7xulejywt49kt2rr0vthywaa50xwsqf7q426k2jqynrkvfzsdzu2cl8f3wv7wzqj7kqt3
Ophiuchus,50987,2026-01-10 14:52:42 (UTC+0),9920000,9920000,False,ckb1qzda0cr08m85hc8jlnfp3zer7xulejywt49kt2rr0vthywaa50xwsqdj9wxkekr3gp9pu68lmm8kman6eraf6ygm3y0fj,0,https://explorer.app5.org/address/ckb1qzda0cr08m85hc8jlnfp3zer7xulejywt49kt2rr0vthywaa50xwsqdj9wxkekr3gp9pu68lmm8kman6eraf6ygm3y0fj
Ophiuchus,50987,2026-01-10 14:52:42 (UTC+0),9920000,9920000,False,ckb1qzda0cr08m85hc8jlnfp3zer7xulejywt49kt2rr0vthywaa50xwsqtf5ycrtqjxnlpjeg339m8awxk84e4pdacuzy9qw,2000000,https://explorer.app5.org/address/ckb1qzda0cr08m85hc8jlnfp3zer7xulejywt49kt2rr0vthywaa50xwsqtf5ycrtqjxnlpjeg339m8awxk84e4pdacuzy9qw
Ophiuchus,50987,2026-01-10 14:52:42 (UTC+0),9920000,9920000,False,ckb1qzda0cr08m85hc8jlnfp3zer7xulejywt49kt2rr0vthywaa50xwsq2wnjshh9uvzrcjsz6efqal63473c0hm7s9xa6r9,2000000,https://explorer.app5.org/address/ckb1qzda0cr08m85hc8jlnfp3zer7xulejywt49kt2rr0vthywaa50xwsq2wnjshh9uvzrcjsz6efqal63473c0hm7s9xa6r9
Ophiuchus,50987,2026-01-10 14:52:42 (UTC+0),9920000,9920000,False,ckb1qzda0cr08m85hc8jlnfp3zer7xulejywt49kt2rr0vthywaa50xwsqvvp902m75qjy7mdsnm0vkfeu3jpth05vsdu02uu,5000000,https://explorer.app5.org/address/ckb1qzda0cr08m85hc8jlnfp3zer7xulejywt49kt2rr0vthywaa50xwsqvvp902m75qjy7mdsnm0vkfeu3jpth05vsdu02uu
Ophiuchus,50987,2026-01-10 14:52:42 (UTC+0),9920000,9920000,False,ckb1qzda0cr08m85hc8jlnfp3zer7xulejywt49kt2rr0vthywaa50xwsq2rd8ker2fa7zk0m0hcgmp9az2g8zjp9ssxusl22,920000,https://explorer.app5.org/address/ckb1qzda0cr08m85hc8jlnfp3zer7xulejywt49kt2rr0vthywaa50xwsq2rd8ker2fa7zk0m0hcgmp9az2g8zjp9ssxusl22
